REGIAO,média,mediana,desvio,Q1,Q3,P10,P90,IQR,CV,contagem
Centro-Oeste,547.432861328125,539.3400268554688,83.99417114257812,484.20001220703125,605.3599853515625,443.3999938964844,664.2200317382812,121.15997314453125,0.15343283116817474,178337.0
Nordeste,547.58544921875,539.8800048828125,84.03111267089844,484.3399963378906,605.52001953125,443.3799743652344,664.5,121.18002319335938,0.15345753729343414,799583.0
Norte,547.8921508789062,540.0799560546875,84.0998306274414,484.5599670410156,605.9200439453125,443.6000061035156,664.9000244140625,121.36007690429688,0.15349705517292023,260322.0
Sudeste,547.5414428710938,539.7999877929688,84.0721206665039,484.1200256347656,605.739990234375,443.27996826171875,664.239990234375,121.61996459960938,0.15354476869106293,743686.0
Sul,547.5640258789062,539.8800048828125,83.85863494873047,484.4599609375,605.2200317382812,443.6199645996094,664.0,120.76007080078125,0.15314854681491852,293053.0
