RACA,média,mediana,desvio,Q1,Q3,P10,P90,IQR,CV,contagem
Amarela,547.82177734375,539.5999755859375,84.39990234375,484.32000732421875,606.1600341796875,443.4539794921875,666.531982421875,121.84002685546875,0.15406452119350433,32668.0
Branca,547.5791015625,539.9200439453125,84.01528930664062,484.3199768066406,605.52001953125,443.4200134277344,664.2000122070312,121.20004272460938,0.15343041718006134,911378.0
Indígena,547.2152709960938,539.0,84.17517852783203,483.80499267578125,606.135009765625,443.0059814453125,664.2340087890625,122.33001708984375,0.1538246124982834,16914.0
Parda,547.58544921875,539.780029296875,83.9958724975586,484.3399963378906,605.5399780273438,443.3399963378906,664.4200439453125,121.19998168945312,0.15339317917823792,1007499.0
Preta,547.6441650390625,539.8399658203125,84.11874389648438,484.20001220703125,605.8399658203125,443.47998046875,664.52001953125,121.63995361328125,0.15360109508037567,306522.0
