RACA,aprovado_600,aprovado_700,alta_perf
Amarela,26.913187216848293,4.723276600955064,1.0040406514019835
Branca,26.79480961796313,4.60017687501783,1.0203230712174312
Indígena,26.936265815300935,4.505143667967364,1.0642071656615821
Não declarado,,,
Parda,26.785138248276176,4.609731622562404,1.0186610607057673
Preta,26.901821076464334,4.594449990539015,1.0224388461513367
